onset,amplitude
43.837100,1
165.345000,1
170.094000,1
209.121000,1
389.576000,1
426.132000,1
492.434000,1
540.868000,1
546.011000,1
650.068000,1
