onset,amplitude
521.212000,1
528.496000,1
540.920000,1
