onset,amplitude
47.258500,1
262.746000,1
264.845000,1
301.338000,1
376.350000,1
473.144000,1
475.821000,1
