onset,amplitude
158.046000,1
226.753000,1
269.586000,1
283.553000,1
306.992000,1
375.404000,1
378.259000,1
486.669000,1
488.982000,1
628.062000,1
656.896000,1
660.789000,1
