onset,amplitude
15.951400,1
66.570100,1
164.748000,1
181.731000,1
212.930000,1
493.034000,1
508.892000,1
560.668000,1
